{"pageProps":{"csvData":[{"line_id":"1","cn_source":"《泰坦尼克号》","cn_content":"你跳，我也跳。","en_source":"Titanic","en_content":"I jump, you jump.","wallpapers_dir":"Titanic (1997) [imdbid-tt0120338]"},{"line_id":"2","cn_source":"《阿甘正传》","cn_content":"生活就像一盒巧克力，你永远不知道下一块是什么。","en_source":"Forrest Gump","en_content":"Life is like a box of chocolates, you never know what you're gonna get.","wallpapers_dir":"Forrest Gump (1994) [imdbid-tt0109830]"},{"line_id":"3","cn_source":"《教父》","cn_content":"我会给他一个他无法拒绝的提议。","en_source":"The Godfather","en_content":"I'm gonna make him an offer he can't refuse.","wallpapers_dir":"The Godfather (1972) [imdbid-tt0068646]"},{"line_id":"4","cn_source":"《星球大战》","cn_content":"愿原力与你同在。","en_source":"Star Wars","en_content":"May the Force be with you.","wallpapers_dir":"Star Wars (1977) [imdbid-tt0076759]"},{"line_id":"5","cn_source":"《肖申克的救赎》","cn_content":"希望是件好事，也许是人间至善，而美好的事永不消逝。","en_source":"The Shawshank Redemption","en_content":"Hope is a good thing, maybe the best of things, and no good thing ever dies.","wallpapers_dir":"The Shawshank Redemption (1994) [imdbid-tt0111161]"},{"line_id":"6","cn_source":"《当幸福来敲门》","cn_content":"不要让人告诉你你不能做什么。","en_source":"The Pursuit of Happyness","en_content":"Don't ever let somebody tell you you can't do something.","wallpapers_dir":"The Pursuit of Happiness (2006) [imdbid-tt0454921]"},{"line_id":"7","cn_source":"《阿凡达》","cn_content":"我看到你。","en_source":"Avatar","en_content":"I see you.","wallpapers_dir":"Avatar (2009) [imdbid-tt0499549]"},{"line_id":"8","cn_source":"《乱世佳人》","cn_content":"明天又是新的一天。","en_source":"Gone with the Wind","en_content":"After all, tomorrow is another day!","wallpapers_dir":"Gone with the Wind (1939) [imdbid-tt0031381]"},{"line_id":"9","cn_source":"《这个杀手不太冷》","cn_content":"我喜欢这种感觉，你呢？","en_source":"Léon: The Professional","en_content":"I like these calm little moments before the storm. Do you?","wallpapers_dir":"Leon The Professional (1994) [imdbid-tt0110413]"},{"line_id":"10","cn_source":"《美丽心灵》","cn_content":"我必须相信，对于我自己，我的工作，我的家庭，我的朋友，我的生活，一切都有可能。","en_source":"A Beautiful Mind","en_content":"I have to believe that something extraordinary is possible.","wallpapers_dir":"A Beautiful Mind (1994) [imdbid-tt0268978]"},{"line_id":"11","cn_source":"《教父》","cn_content":"这不是个人的，这是生意。","en_source":"The Godfather","en_content":"It's not personal, it's business.","wallpapers_dir":"The Godfather (1972) [imdbid-tt0068646]"},{"line_id":"12","cn_source":"《黑暗骑士》","cn_content":"你要么死成英雄，要么活得足够长的时间，看到自己成为恶人。","en_source":"The Dark Knight","en_content":"You either die a hero, or you live long enough to see yourself become the villain.","wallpapers_dir":"The Dark Knight (2008) [imdbid-tt0468569]"},{"line_id":"13","cn_source":"《飞越疯人院》","cn_content":"我必须疯了，否则我不会在这儿。","en_source":"One Flew Over the Cuckoo's Nest","en_content":"I must be crazy to be in a loony bin like this.","wallpapers_dir":"One Flew Over the Cuckoos Nest (1975) [imdbid-tt0073486]"},{"line_id":"14","cn_source":"《闪灵》","cn_content":"这里是约翰尼！","en_source":"The Shining","en_content":"Here's Johnny!","wallpapers_dir":"The Shining (1980) [imdbid-tt0081505]"},{"line_id":"15","cn_source":"《教父》","cn_content":"保持你的朋友接近，但是保持你的敌人更接近。","en_source":"The Godfather","en_content":"Keep your friends close, but your enemies closer.","wallpapers_dir":"The Godfather (1972) [imdbid-tt0068646]"},{"line_id":"16","cn_source":"《阿甘正传》","cn_content":"妈妈总是说，傻人有傻福。","en_source":"Forrest Gump","en_content":"Mama always said, stupid is as stupid does.","wallpapers_dir":"Forrest Gump (1994) [imdbid-tt0109830]"},{"line_id":"17","cn_source":"《阿甘正传》","cn_content":"我不是个聪明人，但我知道什么是爱。","en_source":"Forrest Gump","en_content":"I may not be a smart man, but I know what love is.","wallpapers_dir":"Forrest Gump (1994) [imdbid-tt0109830]"},{"line_id":"18","cn_source":"《泰坦尼克号》","cn_content":"我是世界之王！","en_source":"Titanic","en_content":"I'm the king of the world!","wallpapers_dir":"Titanic (1997) [imdbid-tt0120338]"},{"line_id":"19","cn_source":"《飞越疯人院》","cn_content":"你不能夺走我的自由。","en_source":"One Flew Over the Cuckoo's Nest","en_content":"You can't take away my freedom.","wallpapers_dir":"One Flew Over the Cuckoos Nest (1975) [imdbid-tt0073486]"},{"line_id":"20","cn_source":"《这个杀手不太冷》","cn_content":"没有人可以给你权力，你必须争取。","en_source":"Léon: The Professional","en_content":"No one can give you power. You have to take it.","wallpapers_dir":"Leon The Professional (1994) [imdbid-tt0110413]"},{"line_id":"21","cn_source":"《教父》","cn_content":"我不是教父。","en_source":"The Godfather","en_content":"I'm not a godfather.","wallpapers_dir":"The Godfather (1972) [imdbid-tt0068646]"},{"line_id":"22","cn_source":"《星球大战》","cn_content":"我是你的父亲。","en_source":"Star Wars","en_content":"I am your father.","wallpapers_dir":"Star Wars (1977) [imdbid-tt0076759]"},{"line_id":"23","cn_source":"《肖申克的救赎》","cn_content":"有些鸟儿是关不住的，因为他们的羽毛太亮了。","en_source":"The Shawshank Redemption","en_content":"Some birds aren't meant to be caged. Their feathers are just too bright.","wallpapers_dir":"Leon The Professional (1994) [imdbid-tt0110413]"},{"line_id":"24","cn_source":"《当幸福来敲门》","cn_content":"你有梦想就要去捍卫它。","en_source":"The Pursuit of Happyness","en_content":"You got a dream, you gotta protect it.","wallpapers_dir":"The Pursuit of Happiness (2006) [imdbid-tt0454921]"},{"line_id":"25","cn_source":"《阿凡达》","cn_content":"我们都是同一个母亲的孩子。","en_source":"Avatar","en_content":"We are all children of the same mother.","wallpapers_dir":"Avatar (2009) [imdbid-tt0499549]"},{"line_id":"26","cn_source":"《乱世佳人》","cn_content":"我不会再爱别人了。","en_source":"Gone with the Wind","en_content":"I'll never love anyone else.","wallpapers_dir":"Gone with the Wind (1939) [imdbid-tt0031381]"},{"line_id":"27","cn_source":"《这个杀手不太冷》","cn_content":"人生就像一场舞会，人们在舞会中会遇到许多面孔。","en_source":"Léon: The Professional","en_content":"Life is like a dance. We meet many faces in the dance.","wallpapers_dir":"Leon The Professional (1994) [imdbid-tt0110413]"},{"line_id":"28","cn_source":"《美丽心灵》","cn_content":"我的思想是自由的。","en_source":"A Beautiful Mind","en_content":"My thoughts are free.","wallpapers_dir":"A Beautiful Mind (1994) [imdbid-tt0268978]"},{"line_id":"29","cn_source":"《教父》","cn_content":"我没有时间为那些不愿意为自己生活的人操心。","en_source":"The Godfather","en_content":"I don't have time to worry about people who won't worry about themselves.","wallpapers_dir":"The Godfather (1972) [imdbid-tt0068646]"},{"line_id":"30","cn_source":"《黑暗骑士》","cn_content":"我们需要的不是英雄，而是让世界恢复正常。","en_source":"The Dark Knight","en_content":"What we need is not a hero, but to restore the world to normal.","wallpapers_dir":"The Dark Knight (2008) [imdbid-tt0468569]"},{"line_id":"31","cn_source":"《飞越疯人院》","cn_content":"我不是疯子，我是正常人。","en_source":"One Flew Over the Cuckoo's Nest","en_content":"I'm not crazy, I'm normal.","wallpapers_dir":"One Flew Over the Cuckoos Nest (1975) [imdbid-tt0073486]"},{"line_id":"32","cn_source":"《闪灵》","cn_content":"我一直在这里。","en_source":"The Shining","en_content":"I've always been here.","wallpapers_dir":"The Shining (1980) [imdbid-tt0081505]"},{"line_id":"33","cn_source":"《教父》","cn_content":"我是一个公平的人，只要你也公平对我。","en_source":"The Godfather","en_content":"I'm a fair person as long as you are fair to me.","wallpapers_dir":"The Godfather (1972) [imdbid-tt0068646]"},{"line_id":"34","cn_source":"《阿甘正传》","cn_content":"跑，阿甘，跑！","en_source":"Forrest Gump","en_content":"Run, Forrest, run!","wallpapers_dir":"Forrest Gump (1994) [imdbid-tt0109830]"},{"line_id":"35","cn_source":"《阿甘正传》","cn_content":"我只是一只羽毛，飘在风中。","en_source":"Forrest Gump","en_content":"I'm just a feather, floating in the wind.","wallpapers_dir":"Forrest Gump (1994) [imdbid-tt0109830]"},{"line_id":"36","cn_source":"《泰坦尼克号》","cn_content":"永远不要说再见，因为再见意味着走远，走远意味着分离。","en_source":"Titanic","en_content":"Never say goodbye, because goodbye means going away, and going away means forgetting.","wallpapers_dir":"Titanic (1997) [imdbid-tt0120338]"},{"line_id":"37","cn_source":"《飞越疯人院》","cn_content":"我不是神，我只是个人。","en_source":"One Flew Over the Cuckoo's Nest","en_content":"I'm not a god, I'm just a man.","wallpapers_dir":"One Flew Over the Cuckoos Nest (1975) [imdbid-tt0073486]"},{"line_id":"38","cn_source":"《这个杀手不太冷》","cn_content":"生活就像一场游戏，我们都是玩家。","en_source":"Léon: The Professional","en_content":"Life is like a game, we are all players.","wallpapers_dir":"Leon The Professional (1994) [imdbid-tt0110413]"},{"line_id":"39","cn_source":"《教父》","cn_content":"我不是恶人，我只是个商人。","en_source":"The Godfather","en_content":"I'm not a bad guy, I'm just a businessman.","wallpapers_dir":"The Godfather (1972) [imdbid-tt0068646]"},{"line_id":"40","cn_source":"《星球大战》","cn_content":"我有一个不详的预感。","en_source":"Star Wars","en_content":"I have a bad feeling about this.","wallpapers_dir":"Star Wars (1977) [imdbid-tt0076759]"},{"line_id":"41","cn_source":"《肖申克的救赎》","cn_content":"恐惧可以让你成为囚犯，希望可以让你自由。","en_source":"The Shawshank Redemption","en_content":"Fear can hold you prisoner, hope can set you free.","wallpapers_dir":"The Shawshank Redemption (1994) [imdbid-tt0111161]"},{"line_id":"42","cn_source":"《当幸福来敲门》","cn_content":"你要相信你自己。","en_source":"The Pursuit of Happyness","en_content":"You have to believe in yourself.","wallpapers_dir":"The Pursuit of Happiness (2006) [imdbid-tt0454921]"},{"line_id":"43","cn_source":"《阿凡达》","cn_content":"我们都是星尘。","en_source":"Avatar","en_content":"We are all stardust.","wallpapers_dir":"Avatar (2009) [imdbid-tt0499549]"},{"line_id":"44","cn_source":"《乱世佳人》","cn_content":"我不在乎他们怎么看我。","en_source":"Gone with the Wind","en_content":"I don't care what they think of me.","wallpapers_dir":"Gone with the Wind (1939) [imdbid-tt0031381]"},{"line_id":"45","cn_source":"《这个杀手不太冷》","cn_content":"我是个简单的人，我喜欢简单的事。","en_source":"Léon: The Professional","en_content":"I'm a simple person, I like simple things.","wallpapers_dir":"Leon The Professional (1994) [imdbid-tt0110413]"},{"line_id":"46","cn_source":"《美丽心灵》","cn_content":"我不是天才，我只是好奇。","en_source":"A Beautiful Mind","en_content":"I'm not a genius, I'm just curious.","wallpapers_dir":"A Beautiful Mind (1994) [imdbid-tt0268978]"},{"line_id":"47","cn_source":"《教父》","cn_content":"我只是个普通人，试图过普通的生活。","en_source":"The Godfather","en_content":"I'm just an ordinary person, trying to live an ordinary life.","wallpapers_dir":"The Godfather (1972) [imdbid-tt0068646]"},{"line_id":"48","cn_source":"《黑暗骑士》","cn_content":"我是黑暗的骑士。","en_source":"The Dark Knight","en_content":"I'm the Dark Knight.","wallpapers_dir":"The Dark Knight (2008) [imdbid-tt0468569]"},{"line_id":"49","cn_source":"《飞越疯人院》","cn_content":"我不是疯子，我是你的朋友。","en_source":"One Flew Over the Cuckoo's Nest","en_content":"I'm not crazy, I'm your friend.","wallpapers_dir":"One Flew Over the Cuckoos Nest (1975) [imdbid-tt0073486]"},{"line_id":"50","cn_source":"《闪灵》","cn_content":"我不是疯子，我是个作家。","en_source":"The Shining","en_content":"I'm not crazy, I'm a writer.","wallpapers_dir":"The Shining (1980) [imdbid-tt0081505]"},{"line_id":"51","cn_source":"《绿皮书》","cn_content":"所以如果我既不够黑，也不够白，甚至不够男人，那你告诉我，托尼，我是谁？","en_source":"Green Book","en_content":"So, if I am not black enough and if I am not white enough and if I am not man enough, then tell me, Tony, what am I?","wallpapers_dir":"Green Book (2018) [imdbid-tt6966692]"},{"line_id":"52","cn_source":"《绿皮书》","cn_content":"亲爱的桃乐丝...有时候你让我想到一栋房子，一栋装饰着漂亮的灯的房子，房子里的每个人都很幸福","en_source":"Green Book","en_content":"Dear Dolores...Sometimes you remind me of a house,A house with beautiful lights on it,where everyone is happy inside.","wallpapers_dir":"Green Book (2018) [imdbid-tt6966692]"},{"line_id":"53","cn_source":"《绿皮书》","cn_content":"那你弯腰屈膝在碎石地上，掷骰子赢几个零钱，就是赢家了，他们没有选择是否进场的权利，但是你有，拍拍膝盖吧，沾了土","en_source":"Green Book","en_content":"So stooping down in the gravel, pitching dice for pocket change makes you a winner? They did not have a choice wheather to be inside or out,You did.Now wipe off your kness.You have dirt on them.","wallpapers_dir":"Green Book (2018) [imdbid-tt6966692]"},{"line_id":"54","cn_source":"《钢铁侠》","cn_content":"我老爸有个理论，和平就是比对方的棍子大","en_source":"Iron Man","en_content":"My old man had a philosophy, Peace means having a bigger stick than the other guy.","wallpapers_dir":"Iron Man (2008) [imdbid-tt0371746]"},{"line_id":"55","cn_source":"《钢铁侠》","cn_content":"弓和箭，曾是武器科技的巅峰，让伟大的成吉思汗，一统从太平洋到乌克兰之间的土地，他的帝国是亚历山大大帝的两倍，是罗马帝国的四倍，但今天有最新的斯塔克工业武器的人，就能统治这些土地。","en_source":"Iron Man","en_content":"The bow and arrow once was the pinnacle of weapons technology. It allowed the great Genghis Khan to rule from the Pacific to the Ukraine. An empire twice the size of Alexander the Great and four times the size of the Roman Empire. But today, whoever holds the latest Stark weapons rules these lands.","wallpapers_dir":"Iron Man (2008) [imdbid-tt0371746]"},{"line_id":"56","cn_source":"《钢铁侠》","cn_content":"如果我没算错，我通常不会算错，每秒能产生3千兆焦耳，那足以让你的心跳50辈子，或者让什么大玩意跑15分钟。","en_source":"Iron Man","en_content":"If my math is right, and it always is, three gigajoules per second. That could run your heart for 50 lifetimes. Or something big for 15 minutes.","wallpapers_dir":"Iron Man (2008) [imdbid-tt0371746]"},{"line_id":"57","cn_source":"《钢铁侠》","cn_content":"这是个不完美的世界，但我们只有这个世界，我向你保证，如果哪天再不需要武器来维护和平了，我会开始为婴儿医院制造建材的","en_source":"Iron Man","en_content":"It's an imperfect world, but it's the only one we've got. I guarantee you, the day weapons are no longer needed to keep the peace, I'll start making bricks and beams for baby hospitals.","wallpapers_dir":"Iron Man (2008) [imdbid-tt0371746]"}],"wallpapersInfoJson":{"Titanic (1997) [imdbid-tt0120338]":["001_h.jpg","001_v.jpg","002_h.jpg"],"Forrest Gump (1994) [imdbid-tt0109830]":["16d06274-12f8-4546-a8bb-7f588f85c81e.jpg","4e193ace-c414-4e07-88eb-b4dd5c23e2a4.jpg","729191f3-cd50-42d3-9216-74f589e9c2e7.jpg","7db78b94-d7e5-4740-9862-09a9dc210e59.jpg","811b962a-597e-4d9a-bf8b-a9f402305d07.jpg","8a40cd4d-f224-4772-bf90-66a19c5e7ecc.jpg"],"The Godfather (1972) [imdbid-tt0068646]":["MV5BMTI0NjU3MTEzMV5BMl5BanBnXkFtZTYwNzQwMzI2.jpg","MV5BMTQ5MDg0ODM4NV5BMl5BanBnXkFtZTcwMzg5NDYwOA@@.jpg","MV5BMTU4MTgxOTQ0Nl5BMl5BanBnXkFtZTgwNDI0Mjk1NDM@.jpg","MV5BMTY5NzU2MDE1OV5BMl5BanBnXkFtZTcwOTk3NzkxOA@@.jpg","MV5BMjA0MDIwMDYwNl5BMl5BanBnXkFtZTcwMjY0Mzg4Mw.jpg"],"Star Wars (1977) [imdbid-tt0076759]":["10001.jpg","10003.jpg","10004.jpg","10005.jpg"],"The Shawshank Redemption (1994) [imdbid-tt0111161]":["10001.jpg","10002.jpg","10003.jpg","10004.jpg","10005.jpg","10006.jpg"],"The Pursuit of Happiness (2006) [imdbid-tt0454921]":["MV5BMTU3MTU1NzY1M15BMl5BanBnXkFtZTcwOTY0NjYyMw@@.jpg","MV5BMTUyNDkyNDg0NF5BMl5BanBnXkFtZTcwNDA1NjYyMw@@.jpg","MV5BMTUzNTI2MTU3N15BMl5BanBnXkFtZTcwMzg0NjYyMw@@.jpg","MV5BMTc2OTAwOTc3OV5BMl5BanBnXkFtZTcwMTc0NjYyMw@@.jpg","MV5BMTkyMDYyMzcxMF5BMl5BanBnXkFtZTcwODA1NjYyMw@@.jpg"],"Avatar (2009) [imdbid-tt0499549]":["MV5BMTQ1ODE5NjYxMl5BMl5BanBnXkFtZTcwOTA3MTUzNA@@.jpg","MV5BMTU4MjI5NTI2OF5BMl5BanBnXkFtZTcwNTc3MTUzNA@@.jpg","MV5BMjI4MjAwMzI1OF5BMl5BanBnXkFtZTcwNTk0MTUzNA@@.jpg","MV5BMjIzMjU1MDI1OV5BMl5BanBnXkFtZTcwMzA3MTUzNA@@.jpg"],"Gone with the Wind (1939) [imdbid-tt0031381]":["MV5BMTM4NzExNDU1MF5BMl5BanBnXkFtZTcwNTM5MDkzNQ@@.jpg","MV5BMTMyNTU3OTE4OV5BMl5BanBnXkFtZTcwMTM4ODkxNA@@.jpg","MV5BMTUzOTY3MTkwN15BMl5BanBnXkFtZTcwNzM5MDkzNQ@@.jpg","MV5BMjM2NTMyMTc5MV5BMl5BanBnXkFtZTgwNDMyODE2MjI@.jpg","MV5BNTMzODk4MDE1MF5BMl5BanBnXkFtZTgwNDYxODYyMTI@.jpg","MV5BNjc0Mzg2NzMyNF5BMl5BanBnXkFtZTgwNTMyODE2MjI@.jpg"],"Leon The Professional (1994) [imdbid-tt0110413]":["MV5BMTY3NDgwMDUzN15BMl5BanBnXkFtZTgwNDc5MTQzMTI@.jpg","MV5BMTc4MjMyNDUwNF5BMl5BanBnXkFtZTgwMjc5MTQzMTI@.jpg","MV5BMTcwOTAxODc5OV5BMl5BanBnXkFtZTgwOTc5MTQzMTI@.jpg","MV5BMjA0NDEyMDE3OV5BMl5BanBnXkFtZTgwODc5MTQzMTI@.jpg","MV5BOTI1Mzg2Nzk1OV5BMl5BanBnXkFtZTgwNzc5MTQzMTI@.jpg","MV5BYmJlYWQ5OTMtODRlZS00OTMxLWI2ZjItOWRlMWUzNmQwNDdmXkEyXkFqcGdeQXVyMTIwODk1NTQ@.jpg"],"A Beautiful Mind (1994) [imdbid-tt0268978]":["10001.jpg","10002.jpg"],"The Dark Knight (2008) [imdbid-tt0468569]":["MV5BMTM5NjA1OTYyOV5BMl5BanBnXkFtZTcwMzgzMTk2Mw@@.jpg","MV5BMTQ0NTAzMTg0OV5BMl5BanBnXkFtZTcwOTYzMTk2Mw@@.jpg","MV5BMTQ0NjE5ODQwMV5BMl5BanBnXkFtZTcwMTcxMTk2Mw@@.jpg","MV5BMTU4MTc5MTQzMl5BMl5BanBnXkFtZTcwNjgzMTk2Mw@@.jpg","MV5BMTk0MjMwMDQyMl5BMl5BanBnXkFtZTcwNjYzMTk2Mw@@.jpg","MV5BMjA2ODk2ODAwMV5BMl5BanBnXkFtZTcwNzYzMTk2Mw@@.jpg"],"One Flew Over the Cuckoos Nest (1975) [imdbid-tt0073486]":["MV5BMDQ4NDI2ZWMtZTc1Mi00MWE4LWIyYWQtOTI4MmVjODBiNDRlXkEyXkFqcGdeQXVyMDM2NDM2MQ@@.jpg","MV5BMTc5ODUyMDI5Ml5BMl5BanBnXkFtZTcwNzM5OTQyNw@@.jpg","MV5BMjE4MTQ3ODc4MV5BMl5BanBnXkFtZTcwMjYzNTIwNA@@.jpg","MV5BMjQ3NDg1MzQ0M15BMl5BanBnXkFtZTcwNjM5OTQyNw@@.jpg","MV5BNDc2NjMwNTUwOF5BMl5BanBnXkFtZTcwOTUzNTIwNA@@.jpg","MV5BODg0MDE2NDU1OF5BMl5BanBnXkFtZTcwMDQ5OTQyNw@@.jpg"],"The Shining (1980) [imdbid-tt0081505]":["MV5BMTc5MjM4Njg3Nl5BMl5BanBnXkFtZTgwNTk1NDU2NjM@.jpg","MV5BMzA3MDliMmYtYzIxZi00NzNiLTk0OGItMjQzNTZjYTc1YTJiXkEyXkFqcGdeQXVyNDI2MDA5Mg@@.jpg","MV5BNzczMTIxMjk4Nl5BMl5BanBnXkFtZTgwOTMzMDYwNDI@.jpg","MV5BODQzZmI1NDEtNTkxNC00NTkxLWE1OGUtY2FmODJkYjU1MDc4XkEyXkFqcGdeQXVyNjUwNzk3NDc@.jpg"],"Green Book (2018) [imdbid-tt6966692]":["MV5BMTU0MzIyODk1OF5BMl5BanBnXkFtZTgwNTM2MjIxNjM@.jpg","MV5BNTI0NWMxNGQtYmNiMS00MDg5LWI3N2YtMjkxNTU3YmQ3ODEwXkEyXkFqcGdeQXVyNDk2MjQ4Mzk@.jpg","MV5BNTU4NTkxOGEtZDZhYi00NGI1LTllM2QtODdlYmZmNzRhMmE4XkEyXkFqcGdeQXVyMTE0NTczNDAz.jpg","MV5BNzI4NzIzNzgwNV5BMl5BanBnXkFtZTgwMzM2MjIxNjM@.jpg","MV5BYWNlNWRkMGEtMWFmZC00Yjk0LThkMjMtMzIwZGM1ZTQwOTcxXkEyXkFqcGdeQXVyNDk2MjQ4Mzk@.jpg","MV5BZGEwYzYzMjYtMDA1NS00NDAyLWE5MGEtZDk1Yjg2ZTA3MThiXkEyXkFqcGdeQXVyNDk2MjQ4Mzk@.jpg","MV5BZWIxYjc5ZjItNTMxYS00ZGIzLWIzMGItOTFmNDg3NzIyZWFkXkEyXkFqcGdeQXVyMTI4NTQxOTUx.jpg"],"Iron Man (2008) [imdbid-tt0371746]":["MV5BMTI3NjA0MTEzMF5BMl5BanBnXkFtZTcwMDEzNTIzMw@@.jpg","MV5BMTI5MDc1OTg5NF5BMl5BanBnXkFtZTcwNzEzNTIzMw@@.jpg","MV5BMTMwOTIwMTk2Nl5BMl5BanBnXkFtZTcwNDEzNTIzMw@@.jpg","MV5BMTQ0NzA2Nzg0MV5BMl5BanBnXkFtZTcwMDkxNTIzMw@@.jpg","MV5BMTUzODkyNDE2OV5BMl5BanBnXkFtZTcwMzEzNTIzMw@@.jpg","MV5BMTc3MjAwNzk0NF5BMl5BanBnXkFtZTcwMzkxNTIzMw@@.jpg","MV5BMTczNzM5OTAyMF5BMl5BanBnXkFtZTcwNTEzNTIzMw@@.jpg","MV5BMTk3NzIwNTA3MF5BMl5BanBnXkFtZTcwMjUyNTIzMw@@.jpg","MV5BMjE0NzA3NzEzNV5BMl5BanBnXkFtZTcwNzAzNTIzMw@@.jpg","MV5BMjY4MDk0OTQ2MF5BMl5BanBnXkFtZTcwNTgxNTIzMw@@.jpg","MV5BNjg4NjM1NDI0NF5BMl5BanBnXkFtZTcwMTEzNTIzMw@@.jpg"]},"env":"prod"},"__N_SSG":true}